country_id,canonical_name,source_name,source_normalized_name,source_dataset,country_code,mapping_status,mapping_method,review_reason
country-7942e84ee77ffefd180f,Venezuela,Venezuela,Venezuela,global_oil_country.csv,,MAPPED,source_name_exact,
country-6c1925d6560c7c47d21c,Saudi Arabia,Saudi Arabia,Saudi Arabia,global_oil_country.csv,,MAPPED,source_name_exact,
country-408c7c5887a0f3905767,Canada,Canada,Canada,global_oil_country.csv,,MAPPED,source_name_exact,
country-d4328f17fc46dfde5a0a,Iran,Iran,Iran,global_oil_country.csv,,MAPPED,source_name_exact,
country-818d76d6586437a090e7,Iraq,Iraq,Iraq,global_oil_country.csv,,MAPPED,source_name_exact,
country-9ac506560edb9211e1b5,Kuwait,Kuwait,Kuwait,global_oil_country.csv,,MAPPED,source_name_exact,
country-ccce216a59d326e4558d,United Arab Emirates,United Arab Emirates,United Arab Emirates,global_oil_country.csv,,MAPPED,source_name_exact,
country-90a6d53df47e4097ad65,Russia,Russia,Russia,global_oil_country.csv,,MAPPED,source_name_exact,
country-f6b323fdd9f99c634640,Libya,Libya,Libya,global_oil_country.csv,,MAPPED,source_name_exact,
country-3383e4237141bb9feeb2,Nigeria,Nigeria,Nigeria,global_oil_country.csv,,MAPPED,source_name_exact,
country-4451df5780fe1b2c96c5,Kazakhstan,Kazakhstan,Kazakhstan,global_oil_country.csv,,MAPPED,source_name_exact,
country-3fc81a2348ee6614856d,Qatar,Qatar,Qatar,global_oil_country.csv,,MAPPED,source_name_exact,
country-981e5b396726008318fc,United States,United States,United States,global_oil_country.csv,,MAPPED,source_name_exact,
country-50c0152c2952082aeaf4,China,China,China,global_oil_country.csv,,MAPPED,source_name_exact,
country-5c8f52ca28966103ff0a,Brazil,Brazil,Brazil,global_oil_country.csv,,MAPPED,source_name_exact,
country-d854169a7fa8233ea9a1,Algeria,Algeria,Algeria,global_oil_country.csv,,MAPPED,source_name_exact,
country-5feeb60f78d8d2224674,Angola,Angola,Angola,global_oil_country.csv,,MAPPED,source_name_exact,
country-8be2978e343799a3747a,Mexico,Mexico,Mexico,global_oil_country.csv,,MAPPED,source_name_exact,
country-f4cb75e90ad07f8c1d38,Ecuador,Ecuador,Ecuador,global_oil_country.csv,,MAPPED,source_name_exact,
country-0c341736c12dd6a90849,Azerbaijan,Azerbaijan,Azerbaijan,global_oil_country.csv,,MAPPED,source_name_exact,
country-e883a76a30b245c29f32,Oman,Oman,Oman,global_oil_country.csv,,MAPPED,source_name_exact,
country-fb54e9062429a9378555,India,India,India,global_oil_country.csv,,MAPPED,source_name_exact,
country-1d43cfed6bbe6dd99196,Norway,Norway,Norway,global_oil_country.csv,,MAPPED,source_name_exact,
country-b116c99a2c11258bdc6b,Egypt,Egypt,Egypt,global_oil_country.csv,,MAPPED,source_name_exact,
country-4558505e43ad952755f6,Vietnam,Vietnam,Vietnam,global_oil_country.csv,,MAPPED,source_name_exact,
country-341cf9022a3e6469098e,Indonesia,Indonesia,Indonesia,global_oil_country.csv,,MAPPED,source_name_exact,
country-6a9a10210588981dd8fa,Malaysia,Malaysia,Malaysia,global_oil_country.csv,,MAPPED,source_name_exact,
country-ddea6abd2ee5d012fb6a,South Sudan,South Sudan,South Sudan,global_oil_country.csv,,MAPPED,source_name_exact,
country-0e98cc0b1589b955ff17,United Kingdom,United Kingdom,United Kingdom,global_oil_country.csv,,MAPPED,source_name_exact,
country-cc3d6b2176eba4a5795a,Yemen,Yemen,Yemen,global_oil_country.csv,,MAPPED,source_name_exact,
country-3a73954246460ddeee5c,Argentina,Argentina,Argentina,global_oil_country.csv,,MAPPED,source_name_exact,
country-38e64378dcc97326eee8,Syria,Syria,Syria,global_oil_country.csv,,MAPPED,source_name_exact,
country-431debec82077bf2d678,Uganda,Uganda,Uganda,global_oil_country.csv,,MAPPED,source_name_exact,
country-c91bd9c288c0a7c5ca1b,Colombia,Colombia,Colombia,global_oil_country.csv,,MAPPED,source_name_exact,
country-67e218f2bddbbf8b1da1,Gabon,Gabon,Gabon,global_oil_country.csv,,MAPPED,source_name_exact,
country-7f48a600768b114b5c99,Republic of the Congo,Republic of the Congo,Republic of the Congo,global_oil_country.csv,,MAPPED,source_name_exact,
country-2dec26043f679fdd6bb0,Chad,Chad,Chad,global_oil_country.csv,,MAPPED,source_name_exact,
country-c585f1decb986f7ff19b,Australia,Australia,Australia,global_oil_country.csv,,MAPPED,source_name_exact,
country-eb2230485d2da72ff135,Sudan,Sudan,Sudan,global_oil_country.csv,,MAPPED,source_name_exact,
country-0cd165045b47476a308e,Brunei,Brunei,Brunei,global_oil_country.csv,,MAPPED,source_name_exact,
country-8e5afa94476a1439c6f7,Equatorial Guinea,Equatorial Guinea,Equatorial Guinea,global_oil_country.csv,,MAPPED,source_name_exact,
country-5f0bf3ff6b72ac09f881,Denmark,Denmark,Denmark,global_oil_country.csv,,MAPPED,source_name_exact,
country-1607b15340c3a58e5a71,Trinidad and Tobago,Trinidad and Tobago,Trinidad and Tobago,global_oil_country.csv,,MAPPED,source_name_exact,
country-fc4f9c94394e55c0c42b,Ghana,Ghana,Ghana,global_oil_country.csv,,MAPPED,source_name_exact,
country-700530bf6ed31b40c7bd,Turkmenistan,Turkmenistan,Turkmenistan,global_oil_country.csv,,MAPPED,source_name_exact,
country-856f08f94e3316872671,Romania,Romania,Romania,global_oil_country.csv,,MAPPED,source_name_exact,
country-1c438aa8cb197cc6b8a3,Uzbekistan,Uzbekistan,Uzbekistan,global_oil_country.csv,,MAPPED,source_name_exact,
country-fdc224c5d68863446711,Peru,Peru,Peru,global_oil_country.csv,,MAPPED,source_name_exact,
country-93ff074ca77b5f7e61e6,Italy,Italy,Italy,global_oil_country.csv,,MAPPED,source_name_exact,
country-d299927fdea2d5a7e994,Thailand,Thailand,Thailand,global_oil_country.csv,,MAPPED,source_name_exact,
country-8e9f3fe372b3e2360007,Tunisia,Tunisia,Tunisia,global_oil_country.csv,,MAPPED,source_name_exact,
country-5c86f5a8ea4a73682e57,Ukraine,Ukraine,Ukraine,global_oil_country.csv,,MAPPED,source_name_exact,
country-63c8807c2fd92b19aaf7,Netherlands,Netherlands,Netherlands,global_oil_country.csv,,MAPPED,source_name_exact,
country-8d7d5397f8842b4181d3,Turkey,Turkey,Turkey,global_oil_country.csv,,MAPPED,source_name_exact,
country-b2c01c8a8a0d9a99f145,Germany,Germany,Germany,global_oil_country.csv,,MAPPED,source_name_exact,
country-ad1d0a33d1475e29c577,Pakistan,Pakistan,Pakistan,global_oil_country.csv,,MAPPED,source_name_exact,
country-d27c899eb5eb67ca26e2,Bolivia,Bolivia,Bolivia,global_oil_country.csv,,MAPPED,source_name_exact,
country-1366ad3415239832b32d,Cameroon,Cameroon,Cameroon,global_oil_country.csv,,MAPPED,source_name_exact,
country-0b778819fc2789a0fe60,Belarus,Belarus,Belarus,global_oil_country.csv,,MAPPED,source_name_exact,
country-f69cfb3ddf10c1170014,Democratic Republic of the Congo,Democratic Republic of the Congo,Democratic Republic of the Congo,global_oil_country.csv,,MAPPED,source_name_exact,
country-e83f024f9a1156e097a7,Albania,Albania,Albania,global_oil_country.csv,,MAPPED,source_name_exact,
country-9cbbdd6cbd5335f528ec,Poland,Poland,Poland,global_oil_country.csv,,MAPPED,source_name_exact,
country-55a119a7ff113034af2d,Papua New Guinea,Papua New Guinea,Papua New Guinea,global_oil_country.csv,,MAPPED,source_name_exact,
country-4c799454ccf37279d378,Spain,Spain,Spain,global_oil_country.csv,,MAPPED,source_name_exact,
country-c42f580108029f094432,Chile,Chile,Chile,global_oil_country.csv,,MAPPED,source_name_exact,
country-0f9a79acd620eca49149,Philippines,Philippines,Philippines,global_oil_country.csv,,MAPPED,source_name_exact,
country-a23061616678f32f71b5,Bahrain,Bahrain,Bahrain,global_oil_country.csv,,MAPPED,source_name_exact,
country-950662956e7592a1d712,Cuba,Cuba,Cuba,global_oil_country.csv,,MAPPED,source_name_exact,
country-a9e09665ee384ef81af3,Côte d'Ivoire,Côte d'Ivoire,Côte d'Ivoire,global_oil_country.csv,,MAPPED,source_name_exact,
country-2c598436e5575a5769b6,France,France,France,global_oil_country.csv,,MAPPED,source_name_exact,
country-7112733729f24775a6e8,Austria,Austria,Austria,global_oil_country.csv,,MAPPED,source_name_exact,
country-5f211d4244df430c87a0,Guatemala,Guatemala,Guatemala,global_oil_country.csv,,MAPPED,source_name_exact,
country-22c264294a1d038fb023,New Zealand,New Zealand,New Zealand,global_oil_country.csv,,MAPPED,source_name_exact,
country-467dda4df29b3ad6df89,Serbia,Serbia,Serbia,global_oil_country.csv,,MAPPED,source_name_exact,
country-0f0857451904a83978a9,Suriname,Suriname,Suriname,global_oil_country.csv,,MAPPED,source_name_exact,
country-f17f6b658c4b6feb5425,Croatia,Croatia,Croatia,global_oil_country.csv,,MAPPED,source_name_exact,
country-9e9f4c6d624a3c810435,Burma,Burma,Burma,global_oil_country.csv,,MAPPED,source_name_exact,
country-59ae856cd788d0f57e39,Japan,Japan,Japan,global_oil_country.csv,,MAPPED,source_name_exact,
country-92150179d1b63ac8803c,Kyrgyzstan,Kyrgyzstan,Kyrgyzstan,global_oil_country.csv,,MAPPED,source_name_exact,
country-1c18bc2214f67ae19bba,Georgia,Georgia,Georgia,global_oil_country.csv,,MAPPED,source_name_exact,
country-8e07df26128d8a78474d,Bangladesh,Bangladesh,Bangladesh,global_oil_country.csv,,MAPPED,source_name_exact,
country-aa0db396b7d5266b3919,Hungary,Hungary,Hungary,global_oil_country.csv,,MAPPED,source_name_exact,
country-5f54f2d82d16e5bcef3d,Mauritania,Mauritania,Mauritania,global_oil_country.csv,,MAPPED,source_name_exact,
country-9e44a91f69c553dd6929,Bulgaria,Bulgaria,Bulgaria,global_oil_country.csv,,MAPPED,source_name_exact,
country-7a80542464c08d209975,South Africa,South Africa,South Africa,global_oil_country.csv,,MAPPED,source_name_exact,
country-141a3d757ed4518bf869,Czech Republic,Czech Republic,Czech Republic,global_oil_country.csv,,MAPPED,source_name_exact,
country-3c9e5562b466ad00681f,Tajikistan,Tajikistan,Tajikistan,global_oil_country.csv,,MAPPED,source_name_exact,
country-2a200e0c356ae8b4a137,Lithuania,Lithuania,Lithuania,global_oil_country.csv,,MAPPED,source_name_exact,
country-77173ace11f118f4cfaa,Israel,Israel,Israel,global_oil_country.csv,,MAPPED,source_name_exact,
country-4839625482ad85764b6c,Greece,Greece,Greece,global_oil_country.csv,,MAPPED,source_name_exact,
country-85e8b4499e5677a1b69f,Slovakia,Slovakia,Slovakia,global_oil_country.csv,,MAPPED,source_name_exact,
country-c94b56e02b7e9b04e57f,Benin,Benin,Benin,global_oil_country.csv,,MAPPED,source_name_exact,
country-01aa028bb4212190c27b,Belize,Belize,Belize,global_oil_country.csv,,MAPPED,source_name_exact,
country-fd8711d30c801fa6969f,Taiwan,Taiwan,Taiwan,global_oil_country.csv,,MAPPED,source_name_exact,
country-f5885b5927323e158a49,Barbados,Barbados,Barbados,global_oil_country.csv,,MAPPED,source_name_exact,
country-136c67657614311f3223,Jordan,Jordan,Jordan,global_oil_country.csv,,MAPPED,source_name_exact,
country-52118e19d4efe87556e2,Morocco,Morocco,Morocco,global_oil_country.csv,,MAPPED,source_name_exact,
country-4ac53897ac29ce8b0c27,Ethiopia,Ethiopia,Ethiopia,global_oil_country.csv,,MAPPED,source_name_exact,
country-562017f663ea6e762a60,Moldova,Moldova,Moldova,global_oil_country.csv,,MAPPED,source_name_exact,
country-2fcc9256ec1186625790,Aruba,Aruba,Aruba,global_oil_country.csv,,MAPPED,source_name_exact,
country-cf0acc38c3ef258d5b9c,Antigua and Barbuda,Antigua and Barbuda,Antigua and Barbuda,global_oil_country.csv,,MAPPED,source_name_exact,
country-1d5a04fbeace6278ac78,Armenia,Armenia,Armenia,global_oil_country.csv,,MAPPED,source_name_exact,
country-e0c67046a3c83fbdf1a3,American Samoa,American Samoa,American Samoa,global_oil_country.csv,,MAPPED,source_name_exact,
country-4cdb4fcebbed72a3f473,Botswana,Botswana,Botswana,global_oil_country.csv,,MAPPED,source_name_exact,
country-2fb2f533e014433cb7a2,Bermuda,Bermuda,Bermuda,global_oil_country.csv,,MAPPED,source_name_exact,
country-90d693d30a3fa06791eb,Belgium,Belgium,Belgium,global_oil_country.csv,,MAPPED,source_name_exact,
country-f1ebd231a348712a3576,Bahamas,Bahamas,Bahamas,global_oil_country.csv,,MAPPED,source_name_exact,
country-3af1b873990dc3a90811,Bosnia and Herzegovina,Bosnia and Herzegovina,Bosnia and Herzegovina,global_oil_country.csv,,MAPPED,source_name_exact,
country-322ae5a4a57d42d27c5c,Solomon Islands,Solomon Islands,Solomon Islands,global_oil_country.csv,,MAPPED,source_name_exact,
country-65a4745d1eaaa35c0ad9,Bhutan,Bhutan,Bhutan,global_oil_country.csv,,MAPPED,source_name_exact,
country-ed13ad9a5761b2341649,Burundi,Burundi,Burundi,global_oil_country.csv,,MAPPED,source_name_exact,
country-eae33aebc5874253ff0b,Cambodia,Cambodia,Cambodia,global_oil_country.csv,,MAPPED,source_name_exact,
country-3210180db79b0e85cbf7,Curaçao,Curaçao,Curaçao,global_oil_country.csv,,MAPPED,source_name_exact,
country-95cdad8bfb9652ac584a,Sri Lanka,Sri Lanka,Sri Lanka,global_oil_country.csv,,MAPPED,source_name_exact,
country-fd26a087ca744eed8cc4,Cayman Islands,Cayman Islands,Cayman Islands,global_oil_country.csv,,MAPPED,source_name_exact,
country-cf8bdfdd7f896c1ec7ea,Comoros,Comoros,Comoros,global_oil_country.csv,,MAPPED,source_name_exact,
country-ee54b1b1e9bc25ac1a66,Costa Rica,Costa Rica,Costa Rica,global_oil_country.csv,,MAPPED,source_name_exact,
country-8b7874e4df7887941aaf,Central African Republic,Central African Republic,Central African Republic,global_oil_country.csv,,MAPPED,source_name_exact,
country-1dee6c1f0f6e420013cd,Cabo Verde,Cabo Verde,Cabo Verde,global_oil_country.csv,,MAPPED,source_name_exact,
country-5ad67bb94d1520c313fa,Cook Islands,Cook Islands,Cook Islands,global_oil_country.csv,,MAPPED,source_name_exact,
country-8930d399db295e02aa59,Cyprus,Cyprus,Cyprus,global_oil_country.csv,,MAPPED,source_name_exact,
country-e993659a9393585ad798,Djibouti,Djibouti,Djibouti,global_oil_country.csv,,MAPPED,source_name_exact,
country-58289961b08e34bb4e29,Dominica,Dominica,Dominica,global_oil_country.csv,,MAPPED,source_name_exact,
country-53f2dd02643a17159de2,Dominican Republic,Dominican Republic,Dominican Republic,global_oil_country.csv,,MAPPED,source_name_exact,
country-32f987ecd36719a12041,Ireland,Ireland,Ireland,global_oil_country.csv,,MAPPED,source_name_exact,
country-7275a5863bab4fdcfe20,Estonia,Estonia,Estonia,global_oil_country.csv,,MAPPED,source_name_exact,
country-eea67e4f9ca324e3abac,Eritrea,Eritrea,Eritrea,global_oil_country.csv,,MAPPED,source_name_exact,
country-56e07143bc9a352fdee2,El Salvador,El Salvador,El Salvador,global_oil_country.csv,,MAPPED,source_name_exact,
country-243801106c4d7b8f43fb,Finland,Finland,Finland,global_oil_country.csv,,MAPPED,source_name_exact,
country-00b025b1e87b88f1e71f,Fiji,Fiji,Fiji,global_oil_country.csv,,MAPPED,source_name_exact,
country-0c70295131b454314c58,Falkland Islands,Falkland Islands,Falkland Islands,global_oil_country.csv,,MAPPED,source_name_exact,
country-3a534ac42c2d806c6002,Faroe Islands,Faroe Islands,Faroe Islands,global_oil_country.csv,,MAPPED,source_name_exact,
country-bee4921955762cf109cc,French Polynesia,French Polynesia,French Polynesia,global_oil_country.csv,,MAPPED,source_name_exact,
country-1097bf50dd7ffb4cef53,Gambia,Gambia,Gambia,global_oil_country.csv,,MAPPED,source_name_exact,
country-91ad0ddb5c2827e4a147,Gibraltar,Gibraltar,Gibraltar,global_oil_country.csv,,MAPPED,source_name_exact,
country-e0eae764f2c00bfd9a4b,Grenada,Grenada,Grenada,global_oil_country.csv,,MAPPED,source_name_exact,
country-f71ef5459640bf06d3b6,Greenland,Greenland,Greenland,global_oil_country.csv,,MAPPED,source_name_exact,
country-7c2bff5f7a72046990fa,Guam,Guam,Guam,global_oil_country.csv,,MAPPED,source_name_exact,
country-3f7351456856a4eecf6c,Guinea,Guinea,Guinea,global_oil_country.csv,,MAPPED,source_name_exact,
country-63b911d37593d484cabb,Guyana,Guyana,Guyana,global_oil_country.csv,,MAPPED,source_name_exact,
country-9684cac8ca6d8e671e59,Gaza Strip,Gaza Strip,Gaza Strip,global_oil_country.csv,,MAPPED,source_name_exact,
country-08134d7a6fb39b220f63,Haiti,Haiti,Haiti,global_oil_country.csv,,MAPPED,source_name_exact,
country-21bd3229a131a2cc251b,Hong Kong,Hong Kong,Hong Kong,global_oil_country.csv,,MAPPED,source_name_exact,
country-5a381f836ae9e1bab04a,Honduras,Honduras,Honduras,global_oil_country.csv,,MAPPED,source_name_exact,
country-9eb5c59d70089e53cb31,Iceland,Iceland,Iceland,global_oil_country.csv,,MAPPED,source_name_exact,
country-ff63d149bd73429d489f,Jamaica,Jamaica,Jamaica,global_oil_country.csv,,MAPPED,source_name_exact,
country-3b5f7a488f457a7e53fe,Kenya,Kenya,Kenya,global_oil_country.csv,,MAPPED,source_name_exact,
country-831e4f1d6d77ed43a2da,North Korea,North Korea,North Korea,global_oil_country.csv,,MAPPED,source_name_exact,
country-725789d8d08d48a36d53,Kiribati,Kiribati,Kiribati,global_oil_country.csv,,MAPPED,source_name_exact,
country-d83d0388b282d66a754e,South Korea,South Korea,South Korea,global_oil_country.csv,,MAPPED,source_name_exact,
country-84308789368f0cb09497,Laos,Laos,Laos,global_oil_country.csv,,MAPPED,source_name_exact,
country-8a57a440886c59423289,Lebanon,Lebanon,Lebanon,global_oil_country.csv,,MAPPED,source_name_exact,
country-15bc5d87cc42f41470cb,Latvia,Latvia,Latvia,global_oil_country.csv,,MAPPED,source_name_exact,
country-1a8ee6c730a37af2a823,Liberia,Liberia,Liberia,global_oil_country.csv,,MAPPED,source_name_exact,
country-7a1de3309cef5e896951,Lesotho,Lesotho,Lesotho,global_oil_country.csv,,MAPPED,source_name_exact,
country-68f453c00d9c88ac8834,Luxembourg,Luxembourg,Luxembourg,global_oil_country.csv,,MAPPED,source_name_exact,
country-48a1b7dc93bad7588b46,Madagascar,Madagascar,Madagascar,global_oil_country.csv,,MAPPED,source_name_exact,
country-260048fecac2c70eec2c,Macau,Macau,Macau,global_oil_country.csv,,MAPPED,source_name_exact,
country-3eeceb71042dec77ae77,Montserrat,Montserrat,Montserrat,global_oil_country.csv,,MAPPED,source_name_exact,
country-e46e98b84eb37c36ed4f,Malawi,Malawi,Malawi,global_oil_country.csv,,MAPPED,source_name_exact,
country-f830720f3e3bed7436b2,Montenegro,Montenegro,Montenegro,global_oil_country.csv,,MAPPED,source_name_exact,
country-cda43d570683ca091ab1,Macedonia,Macedonia,Macedonia,global_oil_country.csv,,MAPPED,source_name_exact,
country-937aa06da838dc105431,Mali,Mali,Mali,global_oil_country.csv,,MAPPED,source_name_exact,
country-3562494677b9bd33a5af,Mauritius,Mauritius,Mauritius,global_oil_country.csv,,MAPPED,source_name_exact,
country-79f9550e027130e35b20,Malta,Malta,Malta,global_oil_country.csv,,MAPPED,source_name_exact,
country-b9aade37f226572c2fbc,Maldives,Maldives,Maldives,global_oil_country.csv,,MAPPED,source_name_exact,
country-2e8a238d84ee730c4be9,Mozambique,Mozambique,Mozambique,global_oil_country.csv,,MAPPED,source_name_exact,
country-96abdb6afaa9e38dcf99,New Caledonia,New Caledonia,New Caledonia,global_oil_country.csv,,MAPPED,source_name_exact,
country-56979bcbcec308d6a9db,Niue,Niue,Niue,global_oil_country.csv,,MAPPED,source_name_exact,
country-0fc226118263e65d3c71,Vanuatu,Vanuatu,Vanuatu,global_oil_country.csv,,MAPPED,source_name_exact,
country-a23e9cdda7a3e0db6beb,Nepal,Nepal,Nepal,global_oil_country.csv,,MAPPED,source_name_exact,
country-1620f91609560ef7072f,Nauru,Nauru,Nauru,global_oil_country.csv,,MAPPED,source_name_exact,
country-53dafebc5552bc4301fd,Nicaragua,Nicaragua,Nicaragua,global_oil_country.csv,,MAPPED,source_name_exact,
country-fa27e700926b5bbbae03,Paraguay,Paraguay,Paraguay,global_oil_country.csv,,MAPPED,source_name_exact,
country-d1775cdbcf90d7864101,Panama,Panama,Panama,global_oil_country.csv,,MAPPED,source_name_exact,
country-6636b31811ee0bbf593d,Portugal,Portugal,Portugal,global_oil_country.csv,,MAPPED,source_name_exact,
country-dcacc5666aba7cbb3d67,Guinea-Bissau,Guinea-Bissau,Guinea-Bissau,global_oil_country.csv,,MAPPED,source_name_exact,
country-f50b92b29527bc026aa0,Puerto Rico,Puerto Rico,Puerto Rico,global_oil_country.csv,,MAPPED,source_name_exact,
country-b57e6c30643eaf6a3d52,Rwanda,Rwanda,Rwanda,global_oil_country.csv,,MAPPED,source_name_exact,
country-a497936d41767ee349fd,Saint Pierre and Miquelon,Saint Pierre and Miquelon,Saint Pierre and Miquelon,global_oil_country.csv,,MAPPED,source_name_exact,
country-1721830ff712793d56c9,Saint Kitts and Nevis,Saint Kitts and Nevis,Saint Kitts and Nevis,global_oil_country.csv,,MAPPED,source_name_exact,
country-f57147693006c95066d9,Seychelles,Seychelles,Seychelles,global_oil_country.csv,,MAPPED,source_name_exact,
country-4a724471c49ba697b3e2,Senegal,Senegal,Senegal,global_oil_country.csv,,MAPPED,source_name_exact,
country-29d5d38588cd4003df1f,Saint Helena,Saint Helena,Saint Helena,global_oil_country.csv,,MAPPED,source_name_exact,
country-70ef838ec62b2fb85a92,Slovenia,Slovenia,Slovenia,global_oil_country.csv,,MAPPED,source_name_exact,
country-70dfea54663e8e2c9969,Sierra Leone,Sierra Leone,Sierra Leone,global_oil_country.csv,,MAPPED,source_name_exact,
country-51e2a46721d104d9148d,Singapore,Singapore,Singapore,global_oil_country.csv,,MAPPED,source_name_exact,
country-7d28ff3bd433e26594da,Somalia,Somalia,Somalia,global_oil_country.csv,,MAPPED,source_name_exact,
country-000f1e1ca955d5188365,Saint Lucia,Saint Lucia,Saint Lucia,global_oil_country.csv,,MAPPED,source_name_exact,
country-295099c764e6439694e9,Sweden,Sweden,Sweden,global_oil_country.csv,,MAPPED,source_name_exact,
country-c32f5de8269a9aced9a2,Switzerland,Switzerland,Switzerland,global_oil_country.csv,,MAPPED,source_name_exact,
country-1bf0283a8976095de648,Turks and Caicos Islands,Turks and Caicos Islands,Turks and Caicos Islands,global_oil_country.csv,,MAPPED,source_name_exact,
country-c3fcefdff6a2ec9e51ba,Tokelau,Tokelau,Tokelau,global_oil_country.csv,,MAPPED,source_name_exact,
country-32ad1aca2ef116a4cd17,Tonga,Tonga,Tonga,global_oil_country.csv,,MAPPED,source_name_exact,
country-7d6b68079d4614fd7e3e,Togo,Togo,Togo,global_oil_country.csv,,MAPPED,source_name_exact,
country-db0a8f84841d9e8286c9,Sao Tome and Principe,Sao Tome and Principe,Sao Tome and Principe,global_oil_country.csv,,MAPPED,source_name_exact,
country-4246e6406ccf630cdfa2,Timor-Leste,Timor-Leste,Timor-Leste,global_oil_country.csv,,MAPPED,source_name_exact,
country-74947702044149ef9377,Tanzania,Tanzania,Tanzania,global_oil_country.csv,,MAPPED,source_name_exact,
country-0f9ea5841e716cb4aa7a,Burkina Faso,Burkina Faso,Burkina Faso,global_oil_country.csv,,MAPPED,source_name_exact,
country-b7d177840ebb22170751,Uruguay,Uruguay,Uruguay,global_oil_country.csv,,MAPPED,source_name_exact,
country-6a5e6bb18132ec7449bb,Saint Vincent and the Grenadines,Saint Vincent and the Grenadines,Saint Vincent and the Grenadines,global_oil_country.csv,,MAPPED,source_name_exact,
country-df3a1b2f37ca9012ce63,British Virgin Islands,British Virgin Islands,British Virgin Islands,global_oil_country.csv,,MAPPED,source_name_exact,
country-b51ebaf9c293a8b7c7df,U.S. Virgin Islands,U.S. Virgin Islands,U.S. Virgin Islands,global_oil_country.csv,,MAPPED,source_name_exact,
country-62b09943d6869aafa20f,Namibia,Namibia,Namibia,global_oil_country.csv,,MAPPED,source_name_exact,
country-d8956af488b4adab00b4,West Bank,West Bank,West Bank,global_oil_country.csv,,MAPPED,source_name_exact,
country-f32131a932eb4d673e7a,Western Sahara,Western Sahara,Western Sahara,global_oil_country.csv,,MAPPED,source_name_exact,
country-0c474a68bcff4e665d34,Samoa,Samoa,Samoa,global_oil_country.csv,,MAPPED,source_name_exact,
country-f0871dafaa9aad08b214,Swaziland,Swaziland,Swaziland,global_oil_country.csv,,MAPPED,source_name_exact,
country-71c4d741f010ce317afa,Zambia,Zambia,Zambia,global_oil_country.csv,,MAPPED,source_name_exact,
country-13291c08152247c4776a,Zimbabwe,Zimbabwe,Zimbabwe,global_oil_country.csv,,MAPPED,source_name_exact,
country-6c1925d6560c7c47d21c,Saudi Arabia,Saudi Arab,Saudi Arabia,supplier_crude_imports_2014_2017.csv,11351,MAPPED,exact_canonical_or_explicit_spelling_repair,
country-818d76d6586437a090e7,Iraq,Iraq,Iraq,supplier_crude_imports_2014_2017.csv,11191,MAPPED,exact_canonical_or_explicit_spelling_repair,
country-7942e84ee77ffefd180f,Venezuela,Venezuela,Venezuela,supplier_crude_imports_2014_2017.csv,6433,MAPPED,exact_canonical_or_explicit_spelling_repair,
country-9ac506560edb9211e1b5,Kuwait,Kuwait,Kuwait,supplier_crude_imports_2014_2017.csv,11219,MAPPED,exact_canonical_or_explicit_spelling_repair,
country-3383e4237141bb9feeb2,Nigeria,Nigeria,Nigeria,supplier_crude_imports_2014_2017.csv,3291,MAPPED,exact_canonical_or_explicit_spelling_repair,
country-ccce216a59d326e4558d,United Arab Emirates,U Arab Emts,United Arab Emirates,supplier_crude_imports_2014_2017.csv,11419,MAPPED,exact_canonical_or_explicit_spelling_repair,
country-d4328f17fc46dfde5a0a,Iran,Iran,Iran,supplier_crude_imports_2014_2017.csv,10189,MAPPED,exact_canonical_or_explicit_spelling_repair,
country-5feeb60f78d8d2224674,Angola,Angola,Angola,supplier_crude_imports_2014_2017.csv,3011,MAPPED,exact_canonical_or_explicit_spelling_repair,
country-8be2978e343799a3747a,Mexico,Mexico,Mexico,supplier_crude_imports_2014_2017.csv,9259,MAPPED,exact_canonical_or_explicit_spelling_repair,
country-5c8f52ca28966103ff0a,Brazil,Brazil,Brazil,supplier_crude_imports_2014_2017.csv,6043,MAPPED,exact_canonical_or_explicit_spelling_repair,
country-6a9a10210588981dd8fa,Malaysia,Malaysia,Malaysia,supplier_crude_imports_2014_2017.csv,10245,MAPPED,exact_canonical_or_explicit_spelling_repair,
country-3fc81a2348ee6614856d,Qatar,Qatar,Qatar,supplier_crude_imports_2014_2017.csv,11335,MAPPED,exact_canonical_or_explicit_spelling_repair,
country-c91bd9c288c0a7c5ca1b,Colombia,Colombia,Colombia,supplier_crude_imports_2014_2017.csv,6083,MAPPED,exact_canonical_or_explicit_spelling_repair,
country-b116c99a2c11258bdc6b,Egypt,Egypt A Rp,Egypt,supplier_crude_imports_2014_2017.csv,4111,MAPPED,exact_canonical_or_explicit_spelling_repair,
country-f4cb75e90ad07f8c1d38,Ecuador,Ecuador,Ecuador,supplier_crude_imports_2014_2017.csv,6109,MAPPED,exact_canonical_or_explicit_spelling_repair,
country-63c8807c2fd92b19aaf7,Netherlands,Netherland,Netherlands,supplier_crude_imports_2014_2017.csv,13275,MAPPED,exact_canonical_or_explicit_spelling_repair,
country-1366ad3415239832b32d,Cameroon,Cameroon,Cameroon,supplier_crude_imports_2014_2017.csv,2057,MAPPED,exact_canonical_or_explicit_spelling_repair,
country-0cd165045b47476a308e,Brunei,Brunei,Brunei,supplier_crude_imports_2014_2017.csv,10047,MAPPED,exact_canonical_or_explicit_spelling_repair,
country-8e5afa94476a1439c6f7,Equatorial Guinea,Equtl Guinea,Equatorial Guinea,supplier_crude_imports_2014_2017.csv,3117,MAPPED,exact_canonical_or_explicit_spelling_repair,
country-67e218f2bddbbf8b1da1,Gabon,Gabon,Gabon,supplier_crude_imports_2014_2017.csv,2141,MAPPED,exact_canonical_or_explicit_spelling_repair,
country-8d7d5397f8842b4181d3,Turkey,Turkey,Turkey,supplier_crude_imports_2014_2017.csv,16409,MAPPED,exact_canonical_or_explicit_spelling_repair,
country-e883a76a30b245c29f32,Oman,Oman,Oman,supplier_crude_imports_2014_2017.csv,11301,MAPPED,exact_canonical_or_explicit_spelling_repair,
country-eb2230485d2da72ff135,Sudan,Sudan,Sudan,supplier_crude_imports_2014_2017.csv,4381,MAPPED,exact_canonical_or_explicit_spelling_repair,
country-4451df5780fe1b2c96c5,Kazakhstan,Kazakhstan,Kazakhstan,supplier_crude_imports_2014_2017.csv,15212,MAPPED,exact_canonical_or_explicit_spelling_repair,
country-d854169a7fa8233ea9a1,Algeria,Algeria,Algeria,supplier_crude_imports_2014_2017.csv,4005,MAPPED,exact_canonical_or_explicit_spelling_repair,
country-7f48a600768b114b5c99,Republic of the Congo,Congo P Rep,Republic of the Congo,supplier_crude_imports_2014_2017.csv,2087,MAPPED,exact_canonical_or_explicit_spelling_repair,
country-3f7351456856a4eecf6c,Guinea,Guinea,Guinea,supplier_crude_imports_2014_2017.csv,3167,MAPPED,exact_canonical_or_explicit_spelling_repair,
country-3a73954246460ddeee5c,Argentina,Argentina,Argentina,supplier_crude_imports_2014_2017.csv,6015,MAPPED,exact_canonical_or_explicit_spelling_repair,
country-0c341736c12dd6a90849,Azerbaijan,Azerbaijan,Azerbaijan,supplier_crude_imports_2014_2017.csv,15021,MAPPED,exact_canonical_or_explicit_spelling_repair,
country-cc3d6b2176eba4a5795a,Yemen,Yemen Republc,Yemen,supplier_crude_imports_2014_2017.csv,11453,MAPPED,exact_canonical_or_explicit_spelling_repair,
country-90a6d53df47e4097ad65,Russia,Russia,Russia,supplier_crude_imports_2014_2017.csv,15344,MAPPED,exact_canonical_or_explicit_spelling_repair,
country-341cf9022a3e6469098e,Indonesia,Indonesia,Indonesia,supplier_crude_imports_2014_2017.csv,10187,MAPPED,exact_canonical_or_explicit_spelling_repair,
country-2dec26043f679fdd6bb0,Chad,Chad,Chad,supplier_crude_imports_2014_2017.csv,2069,MAPPED,exact_canonical_or_explicit_spelling_repair,
country-c585f1decb986f7ff19b,Australia,Australia,Australia,supplier_crude_imports_2014_2017.csv,10017,MAPPED,exact_canonical_or_explicit_spelling_repair,
country-ddea6abd2ee5d012fb6a,South Sudan,South Sudan,South Sudan,supplier_crude_imports_2014_2017.csv,4382,MAPPED,exact_canonical_or_explicit_spelling_repair,
country-f69cfb3ddf10c1170014,Democratic Republic of the Congo,Congo D. Rep.,Democratic Republic of the Congo,supplier_crude_imports_2014_2017.csv,2459,MAPPED,exact_canonical_or_explicit_spelling_repair,
country-e83f024f9a1156e097a7,Albania,Albania,Albania,supplier_crude_imports_2014_2017.csv,15003,MAPPED,exact_canonical_or_explicit_spelling_repair,
country-408c7c5887a0f3905767,Canada,Canada,Canada,supplier_crude_imports_2014_2017.csv,5059,MAPPED,exact_canonical_or_explicit_spelling_repair,
country-f6b323fdd9f99c634640,Libya,Libya,Libya,supplier_crude_imports_2014_2017.csv,4231,MAPPED,exact_canonical_or_explicit_spelling_repair,
,,Panama C Z,Panama C Z,supplier_crude_imports_2014_2017.csv,9313,MANUAL_REVIEW,ambiguous_source_name,Ambiguous or unmatched supplier country label
,,Unspecified,Unspecified,supplier_crude_imports_2014_2017.csv,599,MANUAL_REVIEW,ambiguous_source_name,Ambiguous or unmatched supplier country label
,,Netherlandantil,Netherlandantil,supplier_crude_imports_2014_2017.csv,9277,MANUAL_REVIEW,ambiguous_source_name,Ambiguous or unmatched supplier country label
country-59ae856cd788d0f57e39,Japan,Japan,Japan,supplier_crude_imports_2014_2017.csv,10205,MAPPED,exact_canonical_or_explicit_spelling_repair,
country-d83d0388b282d66a754e,South Korea,Korea Rp,South Korea,supplier_crude_imports_2014_2017.csv,10217,MAPPED,exact_canonical_or_explicit_spelling_repair,
country-7d6b68079d4614fd7e3e,Togo,Togo,Togo,supplier_crude_imports_2014_2017.csv,2399,MAPPED,exact_canonical_or_explicit_spelling_repair,
country-50c0152c2952082aeaf4,China,China P Rp,China,supplier_crude_imports_2014_2017.csv,10077,MAPPED,exact_canonical_or_explicit_spelling_repair,
country-a9e09665ee384ef81af3,Côte d'Ivoire,Cote D' Ivoire,Cote D' Ivoire,supplier_crude_imports_2014_2017.csv,2199,MAPPED,exact_canonical_or_explicit_spelling_repair,
country-700530bf6ed31b40c7bd,Turkmenistan,Turkmenistan,Turkmenistan,supplier_crude_imports_2014_2017.csv,15410,MAPPED,exact_canonical_or_explicit_spelling_repair,
country-95cdad8bfb9652ac584a,Sri Lanka,Sri Lanka Dsr,Sri Lanka,supplier_crude_imports_2014_2017.csv,10369,MAPPED,exact_canonical_or_explicit_spelling_repair,
,,Pakistan Ir,Pakistan Ir,supplier_crude_imports_2014_2017.csv,10309,MANUAL_REVIEW,ambiguous_source_name,Ambiguous or unmatched supplier country label
country-981e5b396726008318fc,United States,U S A,United States,supplier_crude_imports_2014_2017.csv,5423,MAPPED,exact_canonical_or_explicit_spelling_repair,
country-77173ace11f118f4cfaa,Israel,Israel,Israel,supplier_crude_imports_2014_2017.csv,12195,MAPPED,exact_canonical_or_explicit_spelling_repair,
country-92150179d1b63ac8803c,Kyrgyzstan,Kyrghyzstan,Kyrghyzstan,supplier_crude_imports_2014_2017.csv,15216,MAPPED,exact_canonical_or_explicit_spelling_repair,
country-4839625482ad85764b6c,Greece,Greece,Greece,supplier_crude_imports_2014_2017.csv,13155,MAPPED,exact_canonical_or_explicit_spelling_repair,
country-b2c01c8a8a0d9a99f145,Germany,Germany,Germany,supplier_crude_imports_2014_2017.csv,13147,MAPPED,exact_canonical_or_explicit_spelling_repair,
country-51e2a46721d104d9148d,Singapore,Singapore,Singapore,supplier_crude_imports_2014_2017.csv,10359,MAPPED,exact_canonical_or_explicit_spelling_repair,
