country_id,canonical_name,source_dataset,mapping_status
country-e83f024f9a1156e097a7,Albania,global_oil_country.csv,CANONICAL
country-d854169a7fa8233ea9a1,Algeria,global_oil_country.csv,CANONICAL
country-e0c67046a3c83fbdf1a3,American Samoa,global_oil_country.csv,CANONICAL
country-5feeb60f78d8d2224674,Angola,global_oil_country.csv,CANONICAL
country-cf0acc38c3ef258d5b9c,Antigua and Barbuda,global_oil_country.csv,CANONICAL
country-3a73954246460ddeee5c,Argentina,global_oil_country.csv,CANONICAL
country-1d5a04fbeace6278ac78,Armenia,global_oil_country.csv,CANONICAL
country-2fcc9256ec1186625790,Aruba,global_oil_country.csv,CANONICAL
country-c585f1decb986f7ff19b,Australia,global_oil_country.csv,CANONICAL
country-7112733729f24775a6e8,Austria,global_oil_country.csv,CANONICAL
country-0c341736c12dd6a90849,Azerbaijan,global_oil_country.csv,CANONICAL
country-f1ebd231a348712a3576,Bahamas,global_oil_country.csv,CANONICAL
country-a23061616678f32f71b5,Bahrain,global_oil_country.csv,CANONICAL
country-8e07df26128d8a78474d,Bangladesh,global_oil_country.csv,CANONICAL
country-f5885b5927323e158a49,Barbados,global_oil_country.csv,CANONICAL
country-0b778819fc2789a0fe60,Belarus,global_oil_country.csv,CANONICAL
country-90d693d30a3fa06791eb,Belgium,global_oil_country.csv,CANONICAL
country-01aa028bb4212190c27b,Belize,global_oil_country.csv,CANONICAL
country-c94b56e02b7e9b04e57f,Benin,global_oil_country.csv,CANONICAL
country-2fb2f533e014433cb7a2,Bermuda,global_oil_country.csv,CANONICAL
country-65a4745d1eaaa35c0ad9,Bhutan,global_oil_country.csv,CANONICAL
country-d27c899eb5eb67ca26e2,Bolivia,global_oil_country.csv,CANONICAL
country-3af1b873990dc3a90811,Bosnia and Herzegovina,global_oil_country.csv,CANONICAL
country-4cdb4fcebbed72a3f473,Botswana,global_oil_country.csv,CANONICAL
country-5c8f52ca28966103ff0a,Brazil,global_oil_country.csv,CANONICAL
country-df3a1b2f37ca9012ce63,British Virgin Islands,global_oil_country.csv,CANONICAL
country-0cd165045b47476a308e,Brunei,global_oil_country.csv,CANONICAL
country-9e44a91f69c553dd6929,Bulgaria,global_oil_country.csv,CANONICAL
country-0f9ea5841e716cb4aa7a,Burkina Faso,global_oil_country.csv,CANONICAL
country-9e9f4c6d624a3c810435,Burma,global_oil_country.csv,CANONICAL
country-ed13ad9a5761b2341649,Burundi,global_oil_country.csv,CANONICAL
country-1dee6c1f0f6e420013cd,Cabo Verde,global_oil_country.csv,CANONICAL
country-eae33aebc5874253ff0b,Cambodia,global_oil_country.csv,CANONICAL
country-1366ad3415239832b32d,Cameroon,global_oil_country.csv,CANONICAL
country-408c7c5887a0f3905767,Canada,global_oil_country.csv,CANONICAL
country-fd26a087ca744eed8cc4,Cayman Islands,global_oil_country.csv,CANONICAL
country-8b7874e4df7887941aaf,Central African Republic,global_oil_country.csv,CANONICAL
country-2dec26043f679fdd6bb0,Chad,global_oil_country.csv,CANONICAL
country-c42f580108029f094432,Chile,global_oil_country.csv,CANONICAL
country-50c0152c2952082aeaf4,China,global_oil_country.csv,CANONICAL
country-c91bd9c288c0a7c5ca1b,Colombia,global_oil_country.csv,CANONICAL
country-cf8bdfdd7f896c1ec7ea,Comoros,global_oil_country.csv,CANONICAL
country-5ad67bb94d1520c313fa,Cook Islands,global_oil_country.csv,CANONICAL
country-ee54b1b1e9bc25ac1a66,Costa Rica,global_oil_country.csv,CANONICAL
country-f17f6b658c4b6feb5425,Croatia,global_oil_country.csv,CANONICAL
country-950662956e7592a1d712,Cuba,global_oil_country.csv,CANONICAL
country-3210180db79b0e85cbf7,Curaçao,global_oil_country.csv,CANONICAL
country-8930d399db295e02aa59,Cyprus,global_oil_country.csv,CANONICAL
country-141a3d757ed4518bf869,Czech Republic,global_oil_country.csv,CANONICAL
country-a9e09665ee384ef81af3,Côte d'Ivoire,global_oil_country.csv,CANONICAL
country-f69cfb3ddf10c1170014,Democratic Republic of the Congo,global_oil_country.csv,CANONICAL
country-5f0bf3ff6b72ac09f881,Denmark,global_oil_country.csv,CANONICAL
country-e993659a9393585ad798,Djibouti,global_oil_country.csv,CANONICAL
country-58289961b08e34bb4e29,Dominica,global_oil_country.csv,CANONICAL
country-53f2dd02643a17159de2,Dominican Republic,global_oil_country.csv,CANONICAL
country-f4cb75e90ad07f8c1d38,Ecuador,global_oil_country.csv,CANONICAL
country-b116c99a2c11258bdc6b,Egypt,global_oil_country.csv,CANONICAL
country-56e07143bc9a352fdee2,El Salvador,global_oil_country.csv,CANONICAL
country-8e5afa94476a1439c6f7,Equatorial Guinea,global_oil_country.csv,CANONICAL
country-eea67e4f9ca324e3abac,Eritrea,global_oil_country.csv,CANONICAL
country-7275a5863bab4fdcfe20,Estonia,global_oil_country.csv,CANONICAL
country-4ac53897ac29ce8b0c27,Ethiopia,global_oil_country.csv,CANONICAL
country-0c70295131b454314c58,Falkland Islands,global_oil_country.csv,CANONICAL
country-3a534ac42c2d806c6002,Faroe Islands,global_oil_country.csv,CANONICAL
country-00b025b1e87b88f1e71f,Fiji,global_oil_country.csv,CANONICAL
country-243801106c4d7b8f43fb,Finland,global_oil_country.csv,CANONICAL
country-2c598436e5575a5769b6,France,global_oil_country.csv,CANONICAL
country-bee4921955762cf109cc,French Polynesia,global_oil_country.csv,CANONICAL
country-67e218f2bddbbf8b1da1,Gabon,global_oil_country.csv,CANONICAL
country-1097bf50dd7ffb4cef53,Gambia,global_oil_country.csv,CANONICAL
country-9684cac8ca6d8e671e59,Gaza Strip,global_oil_country.csv,CANONICAL
country-1c18bc2214f67ae19bba,Georgia,global_oil_country.csv,CANONICAL
country-b2c01c8a8a0d9a99f145,Germany,global_oil_country.csv,CANONICAL
country-fc4f9c94394e55c0c42b,Ghana,global_oil_country.csv,CANONICAL
country-91ad0ddb5c2827e4a147,Gibraltar,global_oil_country.csv,CANONICAL
country-4839625482ad85764b6c,Greece,global_oil_country.csv,CANONICAL
country-f71ef5459640bf06d3b6,Greenland,global_oil_country.csv,CANONICAL
country-e0eae764f2c00bfd9a4b,Grenada,global_oil_country.csv,CANONICAL
country-7c2bff5f7a72046990fa,Guam,global_oil_country.csv,CANONICAL
country-5f211d4244df430c87a0,Guatemala,global_oil_country.csv,CANONICAL
country-3f7351456856a4eecf6c,Guinea,global_oil_country.csv,CANONICAL
country-dcacc5666aba7cbb3d67,Guinea-Bissau,global_oil_country.csv,CANONICAL
country-63b911d37593d484cabb,Guyana,global_oil_country.csv,CANONICAL
country-08134d7a6fb39b220f63,Haiti,global_oil_country.csv,CANONICAL
country-5a381f836ae9e1bab04a,Honduras,global_oil_country.csv,CANONICAL
country-21bd3229a131a2cc251b,Hong Kong,global_oil_country.csv,CANONICAL
country-aa0db396b7d5266b3919,Hungary,global_oil_country.csv,CANONICAL
country-9eb5c59d70089e53cb31,Iceland,global_oil_country.csv,CANONICAL
country-fb54e9062429a9378555,India,global_oil_country.csv,CANONICAL
country-341cf9022a3e6469098e,Indonesia,global_oil_country.csv,CANONICAL
country-d4328f17fc46dfde5a0a,Iran,global_oil_country.csv,CANONICAL
country-818d76d6586437a090e7,Iraq,global_oil_country.csv,CANONICAL
country-32f987ecd36719a12041,Ireland,global_oil_country.csv,CANONICAL
country-77173ace11f118f4cfaa,Israel,global_oil_country.csv,CANONICAL
country-93ff074ca77b5f7e61e6,Italy,global_oil_country.csv,CANONICAL
country-ff63d149bd73429d489f,Jamaica,global_oil_country.csv,CANONICAL
country-59ae856cd788d0f57e39,Japan,global_oil_country.csv,CANONICAL
country-136c67657614311f3223,Jordan,global_oil_country.csv,CANONICAL
country-4451df5780fe1b2c96c5,Kazakhstan,global_oil_country.csv,CANONICAL
country-3b5f7a488f457a7e53fe,Kenya,global_oil_country.csv,CANONICAL
country-725789d8d08d48a36d53,Kiribati,global_oil_country.csv,CANONICAL
country-9ac506560edb9211e1b5,Kuwait,global_oil_country.csv,CANONICAL
country-92150179d1b63ac8803c,Kyrgyzstan,global_oil_country.csv,CANONICAL
country-84308789368f0cb09497,Laos,global_oil_country.csv,CANONICAL
country-15bc5d87cc42f41470cb,Latvia,global_oil_country.csv,CANONICAL
country-8a57a440886c59423289,Lebanon,global_oil_country.csv,CANONICAL
country-7a1de3309cef5e896951,Lesotho,global_oil_country.csv,CANONICAL
country-1a8ee6c730a37af2a823,Liberia,global_oil_country.csv,CANONICAL
country-f6b323fdd9f99c634640,Libya,global_oil_country.csv,CANONICAL
country-2a200e0c356ae8b4a137,Lithuania,global_oil_country.csv,CANONICAL
country-68f453c00d9c88ac8834,Luxembourg,global_oil_country.csv,CANONICAL
country-260048fecac2c70eec2c,Macau,global_oil_country.csv,CANONICAL
country-cda43d570683ca091ab1,Macedonia,global_oil_country.csv,CANONICAL
country-48a1b7dc93bad7588b46,Madagascar,global_oil_country.csv,CANONICAL
country-e46e98b84eb37c36ed4f,Malawi,global_oil_country.csv,CANONICAL
country-6a9a10210588981dd8fa,Malaysia,global_oil_country.csv,CANONICAL
country-b9aade37f226572c2fbc,Maldives,global_oil_country.csv,CANONICAL
country-937aa06da838dc105431,Mali,global_oil_country.csv,CANONICAL
country-79f9550e027130e35b20,Malta,global_oil_country.csv,CANONICAL
country-5f54f2d82d16e5bcef3d,Mauritania,global_oil_country.csv,CANONICAL
country-3562494677b9bd33a5af,Mauritius,global_oil_country.csv,CANONICAL
country-8be2978e343799a3747a,Mexico,global_oil_country.csv,CANONICAL
country-562017f663ea6e762a60,Moldova,global_oil_country.csv,CANONICAL
country-f830720f3e3bed7436b2,Montenegro,global_oil_country.csv,CANONICAL
country-3eeceb71042dec77ae77,Montserrat,global_oil_country.csv,CANONICAL
country-52118e19d4efe87556e2,Morocco,global_oil_country.csv,CANONICAL
country-2e8a238d84ee730c4be9,Mozambique,global_oil_country.csv,CANONICAL
country-62b09943d6869aafa20f,Namibia,global_oil_country.csv,CANONICAL
country-1620f91609560ef7072f,Nauru,global_oil_country.csv,CANONICAL
country-a23e9cdda7a3e0db6beb,Nepal,global_oil_country.csv,CANONICAL
country-63c8807c2fd92b19aaf7,Netherlands,global_oil_country.csv,CANONICAL
country-96abdb6afaa9e38dcf99,New Caledonia,global_oil_country.csv,CANONICAL
country-22c264294a1d038fb023,New Zealand,global_oil_country.csv,CANONICAL
country-53dafebc5552bc4301fd,Nicaragua,global_oil_country.csv,CANONICAL
country-3383e4237141bb9feeb2,Nigeria,global_oil_country.csv,CANONICAL
country-56979bcbcec308d6a9db,Niue,global_oil_country.csv,CANONICAL
country-831e4f1d6d77ed43a2da,North Korea,global_oil_country.csv,CANONICAL
country-1d43cfed6bbe6dd99196,Norway,global_oil_country.csv,CANONICAL
country-e883a76a30b245c29f32,Oman,global_oil_country.csv,CANONICAL
country-ad1d0a33d1475e29c577,Pakistan,global_oil_country.csv,CANONICAL
country-d1775cdbcf90d7864101,Panama,global_oil_country.csv,CANONICAL
country-55a119a7ff113034af2d,Papua New Guinea,global_oil_country.csv,CANONICAL
country-fa27e700926b5bbbae03,Paraguay,global_oil_country.csv,CANONICAL
country-fdc224c5d68863446711,Peru,global_oil_country.csv,CANONICAL
country-0f9a79acd620eca49149,Philippines,global_oil_country.csv,CANONICAL
country-9cbbdd6cbd5335f528ec,Poland,global_oil_country.csv,CANONICAL
country-6636b31811ee0bbf593d,Portugal,global_oil_country.csv,CANONICAL
country-f50b92b29527bc026aa0,Puerto Rico,global_oil_country.csv,CANONICAL
country-3fc81a2348ee6614856d,Qatar,global_oil_country.csv,CANONICAL
country-7f48a600768b114b5c99,Republic of the Congo,global_oil_country.csv,CANONICAL
country-856f08f94e3316872671,Romania,global_oil_country.csv,CANONICAL
country-90a6d53df47e4097ad65,Russia,global_oil_country.csv,CANONICAL
country-b57e6c30643eaf6a3d52,Rwanda,global_oil_country.csv,CANONICAL
country-29d5d38588cd4003df1f,Saint Helena,global_oil_country.csv,CANONICAL
country-1721830ff712793d56c9,Saint Kitts and Nevis,global_oil_country.csv,CANONICAL
country-000f1e1ca955d5188365,Saint Lucia,global_oil_country.csv,CANONICAL
country-a497936d41767ee349fd,Saint Pierre and Miquelon,global_oil_country.csv,CANONICAL
country-6a5e6bb18132ec7449bb,Saint Vincent and the Grenadines,global_oil_country.csv,CANONICAL
country-0c474a68bcff4e665d34,Samoa,global_oil_country.csv,CANONICAL
country-db0a8f84841d9e8286c9,Sao Tome and Principe,global_oil_country.csv,CANONICAL
country-6c1925d6560c7c47d21c,Saudi Arabia,global_oil_country.csv,CANONICAL
country-4a724471c49ba697b3e2,Senegal,global_oil_country.csv,CANONICAL
country-467dda4df29b3ad6df89,Serbia,global_oil_country.csv,CANONICAL
country-f57147693006c95066d9,Seychelles,global_oil_country.csv,CANONICAL
country-70dfea54663e8e2c9969,Sierra Leone,global_oil_country.csv,CANONICAL
country-51e2a46721d104d9148d,Singapore,global_oil_country.csv,CANONICAL
country-85e8b4499e5677a1b69f,Slovakia,global_oil_country.csv,CANONICAL
country-70ef838ec62b2fb85a92,Slovenia,global_oil_country.csv,CANONICAL
country-322ae5a4a57d42d27c5c,Solomon Islands,global_oil_country.csv,CANONICAL
country-7d28ff3bd433e26594da,Somalia,global_oil_country.csv,CANONICAL
country-7a80542464c08d209975,South Africa,global_oil_country.csv,CANONICAL
country-d83d0388b282d66a754e,South Korea,global_oil_country.csv,CANONICAL
country-ddea6abd2ee5d012fb6a,South Sudan,global_oil_country.csv,CANONICAL
country-4c799454ccf37279d378,Spain,global_oil_country.csv,CANONICAL
country-95cdad8bfb9652ac584a,Sri Lanka,global_oil_country.csv,CANONICAL
country-eb2230485d2da72ff135,Sudan,global_oil_country.csv,CANONICAL
country-0f0857451904a83978a9,Suriname,global_oil_country.csv,CANONICAL
country-f0871dafaa9aad08b214,Swaziland,global_oil_country.csv,CANONICAL
country-295099c764e6439694e9,Sweden,global_oil_country.csv,CANONICAL
country-c32f5de8269a9aced9a2,Switzerland,global_oil_country.csv,CANONICAL
country-38e64378dcc97326eee8,Syria,global_oil_country.csv,CANONICAL
country-fd8711d30c801fa6969f,Taiwan,global_oil_country.csv,CANONICAL
country-3c9e5562b466ad00681f,Tajikistan,global_oil_country.csv,CANONICAL
country-74947702044149ef9377,Tanzania,global_oil_country.csv,CANONICAL
country-d299927fdea2d5a7e994,Thailand,global_oil_country.csv,CANONICAL
country-4246e6406ccf630cdfa2,Timor-Leste,global_oil_country.csv,CANONICAL
country-7d6b68079d4614fd7e3e,Togo,global_oil_country.csv,CANONICAL
country-c3fcefdff6a2ec9e51ba,Tokelau,global_oil_country.csv,CANONICAL
country-32ad1aca2ef116a4cd17,Tonga,global_oil_country.csv,CANONICAL
country-1607b15340c3a58e5a71,Trinidad and Tobago,global_oil_country.csv,CANONICAL
country-8e9f3fe372b3e2360007,Tunisia,global_oil_country.csv,CANONICAL
country-8d7d5397f8842b4181d3,Turkey,global_oil_country.csv,CANONICAL
country-700530bf6ed31b40c7bd,Turkmenistan,global_oil_country.csv,CANONICAL
country-1bf0283a8976095de648,Turks and Caicos Islands,global_oil_country.csv,CANONICAL
country-b51ebaf9c293a8b7c7df,U.S. Virgin Islands,global_oil_country.csv,CANONICAL
country-431debec82077bf2d678,Uganda,global_oil_country.csv,CANONICAL
country-5c86f5a8ea4a73682e57,Ukraine,global_oil_country.csv,CANONICAL
country-ccce216a59d326e4558d,United Arab Emirates,global_oil_country.csv,CANONICAL
country-0e98cc0b1589b955ff17,United Kingdom,global_oil_country.csv,CANONICAL
country-981e5b396726008318fc,United States,global_oil_country.csv,CANONICAL
country-b7d177840ebb22170751,Uruguay,global_oil_country.csv,CANONICAL
country-1c438aa8cb197cc6b8a3,Uzbekistan,global_oil_country.csv,CANONICAL
country-0fc226118263e65d3c71,Vanuatu,global_oil_country.csv,CANONICAL
country-7942e84ee77ffefd180f,Venezuela,global_oil_country.csv,CANONICAL
country-4558505e43ad952755f6,Vietnam,global_oil_country.csv,CANONICAL
country-d8956af488b4adab00b4,West Bank,global_oil_country.csv,CANONICAL
country-f32131a932eb4d673e7a,Western Sahara,global_oil_country.csv,CANONICAL
country-cc3d6b2176eba4a5795a,Yemen,global_oil_country.csv,CANONICAL
country-71c4d741f010ce317afa,Zambia,global_oil_country.csv,CANONICAL
country-13291c08152247c4776a,Zimbabwe,global_oil_country.csv,CANONICAL
