port_id,canonical_port_name,source_port_name,source_name_variants,un_locode,latitude,longitude,country,liquid_bulk_facility,oil_terminal_facility,source_dataset,mapping_status,mapping_method,source_record_key,world_port_index_number,source_unlocode_status
port-055c1dd065d4384a4009,Ratnagiri,Ratnagiri,Ratnagiri,IN RTC,16.983333,73.283333,India,Unknown,Unknown,india_world_port_index.csv,MAPPED,source_identity_preserved,wpi_row_0043,48900.0,UNIQUE_IN_SOURCE
port-06ae5404ea9499c64d02,Kamarajar Port,Kamarajar Port,Kamarajar Port,INENR,13.26138889,80.3425,India,Unknown,Unknown,india_daily_port_activity_2019_2024.csv;india_world_port_index.csv,MAPPED,source_identity_preserved,wpi_row_0038,49454.0,UNIQUE_IN_SOURCE
port-0d287d6b94ae0d13cfff,Paradip,Paradip,Paradip,IN PPT,20.266667,86.683333,India,Unknown,Unknown,india_daily_port_activity_2019_2024.csv;india_world_port_index.csv,MAPPED,source_identity_preserved,wpi_row_0037,49535.0,UNIQUE_IN_SOURCE
port-0fe64318e948fc83d467,Baleshwar,Baleshwar,Baleshwar,,21.48333333,86.95,India,Unknown,Unknown,india_world_port_index.csv,MAPPED,source_identity_preserved,wpi_row_0050,49550.0,MISSING
port-172252e2df5588dd95db,Vishakhapatnam,Vishakhapatnam,Visakhapatnam;Vishakhapatnam,IN NRP,17.683333,83.3,India,Unknown,Unknown,india_daily_port_activity_2019_2024.csv;india_world_port_index.csv,MAPPED,source_identity_preserved,wpi_row_0036,49480.0,UNIQUE_IN_SOURCE
port-1c1e30e8424f4a9a6094,Bhavnagar,Bhavnagar,Bhavnagar,IN BHU,21.766667,72.233333,India,Unknown,Unknown,india_world_port_index.csv,MAPPED,source_identity_preserved,wpi_row_0035,48760.0,UNIQUE_IN_SOURCE
port-1c22246f55049f5ed930,Chennai (Madras),Chennai (Madras),Chennai (Madras),IN MAA,13.1,80.3,India,Unknown,Unknown,india_daily_port_activity_2019_2024.csv;india_world_port_index.csv,MAPPED,source_identity_preserved,wpi_row_0032,49450.0,UNIQUE_IN_SOURCE
port-1cf690aa3f276abd67e7,Calicut (Kozhikode),Calicut (Kozhikode),Calicut (Kozhikode),IN CCJ,11.25,75.766667,India,Unknown,Unknown,india_world_port_index.csv,MAPPED,source_identity_preserved,wpi_row_0056,49100.0,UNIQUE_IN_SOURCE
port-1d29a97e790ab2ef2916,Bedi,Bedi,Bedi,IN BED,22.57305556,70.04555556,India,Unknown,Unknown,india_world_port_index.csv,MAPPED,source_identity_preserved,wpi_row_0005,48650.0,UNIQUE_IN_SOURCE
port-21bd5d045171a73e0012,Sikka,Sikka,Sikka,IN SKK,22.433333,69.833333,India,Unknown,Unknown,india_daily_port_activity_2019_2024.csv;india_world_port_index.csv,MAPPED,source_identity_preserved,wpi_row_0010,48613.0,UNIQUE_IN_SOURCE
port-251a9f32cbcedd0b8e47,Mumbai (Bombay),Mumbai (Bombay),Mumbai (Bombay),IN BOM,18.966667,72.866667,India,Unknown,Unknown,india_world_port_index.csv,MAPPED,source_identity_preserved,wpi_row_0041,48840.0,UNIQUE_IN_SOURCE
port-298809c1c3fa26765fb6,Port Dabhol,Port Dabhol,Port Dabhol,INDHP,17.58333333,73.16666667,India,Unknown,Unknown,india_world_port_index.csv,MAPPED,source_identity_preserved,wpi_row_0019,48890.0,UNIQUE_IN_SOURCE
port-29be63f547b55a854648,Mandvi,Mandvi,Mandvi,IN MDV,22.833333,69.35,India,Unknown,Unknown,india_world_port_index.csv,MAPPED,source_identity_preserved,wpi_row_0003,48620.0,UNIQUE_IN_SOURCE
port-2fcdec423c336e123709,Gangavaram,Gangavaram,Gangavaram,INGGV,17.63333333,83.25,India,Unknown,Unknown,india_world_port_index.csv,MAPPED,source_identity_preserved,wpi_row_0023,49479.0,UNIQUE_IN_SOURCE
port-307b8b55f1de433b97ea,Veraval,Veraval,Veraval,IN VVA,20.9,70.366667,India,Unknown,Unknown,india_world_port_index.csv,MAPPED,source_identity_preserved,wpi_row_0008,48690.0,UNIQUE_IN_SOURCE
port-36dc5f2ad1ba3db4960f,Dahej,Dahej,Dahej,IN DAH,21.7,72.533333,India,Unknown,Unknown,india_daily_port_activity_2019_2024.csv;india_world_port_index.csv,MAPPED,source_identity_preserved,wpi_row_0046,48674.0,UNIQUE_IN_SOURCE
port-39c7e661cbcd2de008a0,Pamban,Pamban,Pamban,,9.283333333,79.21666667,India,Unknown,Unknown,india_world_port_index.csv,MAPPED,source_identity_preserved,wpi_row_0049,49330.0,MISSING
port-3d0be208ea358054f9de,Kandla,Kandla,Deendayal (Kandla);Kandla,IN IXY,23.033333,70.216667,India,Unknown,Unknown,india_daily_port_activity_2019_2024.csv;india_world_port_index.csv,MAPPED,source_identity_preserved,wpi_row_0011,48630.0,UNIQUE_IN_SOURCE
port-3d47752f26096102c677,Kattupalli Port,Kattupalli Port,Kattupalli;Kattupalli Port,INKRI,13.30694444,80.35222222,India,Unknown,Unknown,india_daily_port_activity_2019_2024.csv;india_world_port_index.csv,MAPPED,source_identity_preserved,wpi_row_0048,49454.5,DUPLICATE
port-3e27b5a6fb79964c0dc5,Azhikal (Azhikkal),Azhikal (Azhikkal),Azhikal (Azhikkal),IN AZK,11.94555556,75.30944444,India,Unknown,Unknown,india_world_port_index.csv,MAPPED,source_identity_preserved,wpi_row_0053,49040.0,UNIQUE_IN_SOURCE
port-42e3af128436239dad1c,Vadinar Terminal,Vadinar Terminal,Vadinar Terminal,IN VAD,22.46666667,69.66666667,India,Yes,Yes,india_world_port_index.csv,MAPPED,source_identity_preserved,wpi_row_0009,48615.0,UNIQUE_IN_SOURCE
port-42fee4d8d7b7216bf0bc,Calcutta,Calcutta,Calcutta,IN CCU,22.55,88.333333,India,Unknown,Unknown,india_daily_port_activity_2019_2024.csv;india_world_port_index.csv,MAPPED,source_identity_preserved,wpi_row_0028,49560.0,UNIQUE_IN_SOURCE
port-4438193452fc81328c0d,Tuticorin,Tuticorin,Tuticorin;V. O. Chidambaranar (Tuticorin),IN TUT,8.8,78.166667,India,Unknown,Unknown,india_daily_port_activity_2019_2024.csv;india_world_port_index.csv,MAPPED,source_identity_preserved,wpi_row_0016,49320.0,UNIQUE_IN_SOURCE
port-4cbd3879645dac45799b,Haldia Port,Haldia Port,Haldia;Haldia Port,IN HAL,22.016667,88.083333,India,Unknown,Unknown,india_daily_port_activity_2019_2024.csv;india_world_port_index.csv,MAPPED,source_identity_preserved,wpi_row_0031,49555.0,UNIQUE_IN_SOURCE
port-4f1934b24407cabc864e,Kolachel,Kolachel,Kolachel,,8.166667,77.25,India,Unknown,Unknown,india_world_port_index.csv,MAPPED,source_identity_preserved,wpi_row_0055,49180.0,MISSING
port-5066797b333fe76f36f7,Trivandrum,Trivandrum,Trivandrum,IN TRV,8.483333,76.95,India,Unknown,Unknown,india_world_port_index.csv,MAPPED,source_identity_preserved,wpi_row_0054,49170.0,UNIQUE_IN_SOURCE
port-56639d8e695fa228aef3,Belekeri,Belekeri,Belekeri,IN BLK,14.7,74.266667,India,Unknown,Unknown,india_world_port_index.csv,MAPPED,source_identity_preserved,wpi_row_0044,49000.0,UNIQUE_IN_SOURCE
port-57f35d3b4c64a3da6b19,Port Blair,Port Blair,Port Blair,IN IXZ,11.67777778,92.73333333,India,Unknown,Unknown,india_daily_port_activity_2019_2024.csv;india_world_port_index.csv,MAPPED,source_identity_preserved,wpi_row_0057,49720.0,UNIQUE_IN_SOURCE
port-64624485ed615624d35d,Nagappattinam,Nagappattinam,Nagappattinam,IN NPT,10.766667,79.85,India,Unknown,Unknown,india_world_port_index.csv,MAPPED,source_identity_preserved,wpi_row_0045,49350.0,UNIQUE_IN_SOURCE
port-686ca2501d5e3ea23769,Hazira,Hazira,Hazira,IN HZA,21.083333,72.633333,India,Unknown,Unknown,india_daily_port_activity_2019_2024.csv;india_world_port_index.csv,MAPPED,source_identity_preserved,wpi_row_0004,48790.0,UNIQUE_IN_SOURCE
port-6b8b2e5c6ef29c5f9573,Kakinada,Kakinada,Kakinada,,,,India,,,india_daily_port_activity_2019_2024.csv,MANUAL_REVIEW,unresolved_port_alias,port529,,MISSING
port-7ccb7d8a387c142e3f0c,Cuddalore,Cuddalore,Cuddalore,IN CDL,11.716667,79.766667,India,Unknown,Unknown,india_world_port_index.csv,MAPPED,source_identity_preserved,wpi_row_0026,49410.0,UNIQUE_IN_SOURCE
port-88f01190b4a80ba20df5,Gopalpur,Gopalpur,Gopalpur,IN GPR,19.30194444,84.96666667,India,Unknown,Unknown,india_world_port_index.csv,MAPPED,source_identity_preserved,wpi_row_0039,49500.0,UNIQUE_IN_SOURCE
port-8ee2cf3cc9d4dce40cb2,Honavar,Honavar,Honavar,,14.28333333,74.45,India,Unknown,Unknown,india_world_port_index.csv,MAPPED,source_identity_preserved,wpi_row_0017,49010.0,MISSING
port-906d1268a74191acac1d,Jawaharlal Nehru Port (Nhava Shiva),Jawaharlal Nehru Port (Nhava Shiva),Jawaharlal Nehru Port (Nhava Shiva);Mumbai-Jawaharlal Nehru (Nhava Sheva),IN NSA,18.95,72.95,India,Unknown,Unknown,india_daily_port_activity_2019_2024.csv;india_world_port_index.csv,MAPPED,source_identity_preserved,wpi_row_0029,48845.0,UNIQUE_IN_SOURCE
port-971812e9e27eb12158b9,Krishnapatnam,Krishnapatnam,Krishnapatnam;Krishnapatnam Port,INKRI,14.25,80.13333333,India,Unknown,Unknown,india_daily_port_activity_2019_2024.csv;india_world_port_index.csv,MAPPED,source_identity_preserved,wpi_row_0018,49455.0,DUPLICATE
port-9b61088588cd94fb2a8d,Beypore,Beypore,Beypore,IN BEY,11.166667,75.8,India,Unknown,Unknown,india_world_port_index.csv,MAPPED,source_identity_preserved,wpi_row_0042,49110.0,UNIQUE_IN_SOURCE
port-9e0358499a29042c4276,Quilon (Kollam),Quilon (Kollam),Quilon (Kollam),IN QUI,8.871944444,76.58388889,India,Unknown,Unknown,india_world_port_index.csv,MAPPED,source_identity_preserved,wpi_row_0052,49160.0,UNIQUE_IN_SOURCE
port-9f9cc159703727271039,Marmagao,Marmagao,Marmagao;Mormugao,IN MRM,15.4175,73.795,India,Unknown,Unknown,india_daily_port_activity_2019_2024.csv;india_world_port_index.csv,MAPPED,source_identity_preserved,wpi_row_0040,48970.0,UNIQUE_IN_SOURCE
port-a641dc3f4ec93903d922,Pondicherry,Pondicherry,Pondicherry,IN PNY,11.933333,79.833333,India,Unknown,Unknown,india_world_port_index.csv,MAPPED,source_identity_preserved,wpi_row_0034,49430.0,UNIQUE_IN_SOURCE
port-ad5b2e8e77d8e4fc7a4c,Kochi (Cochin),Kochi (Cochin),Cochin (Kochi);Kochi (Cochin),IN KOC,9.966667,76.233333,India,Unknown,Unknown,india_daily_port_activity_2019_2024.csv;india_world_port_index.csv,MAPPED,source_identity_preserved,wpi_row_0015,49130.0,UNIQUE_IN_SOURCE
port-af581fe2a271caa3580c,Karaikal Port,Karaikal Port,Karaikal;Karaikal Port,IN KRK,10.833333,79.866667,India,Unknown,Unknown,india_daily_port_activity_2019_2024.csv;india_world_port_index.csv,MAPPED,source_identity_preserved,wpi_row_0025,49370.0,UNIQUE_IN_SOURCE
port-b0a3f127aacd737b4d1e,Vizhinjam,Vizhinjam,Vizhinjam,,,,India,,,india_daily_port_activity_2019_2024.csv,MANUAL_REVIEW,unresolved_port_alias,port2150,,MISSING
port-b2fb24927be7f0bd57b6,Pipavav Bandar,Pipavav Bandar,Pipavav;Pipavav Bandar,IN PAV,20.916667,71.516667,India,Unknown,Unknown,india_daily_port_activity_2019_2024.csv;india_world_port_index.csv,MAPPED,source_identity_preserved,wpi_row_0033,48730.0,UNIQUE_IN_SOURCE
port-b5f86f0e981c94ada425,Magdalla,Magdalla,Magdalla,IN MDA,21.15,72.75,India,Unknown,Unknown,india_daily_port_activity_2019_2024.csv;india_world_port_index.csv,MAPPED,source_identity_preserved,wpi_row_0027,48770.0,UNIQUE_IN_SOURCE
port-c4bd8b46758ca2002eba,Panaji,Panaji,Panaji,IN PAN,15.5,73.816667,India,Unknown,Unknown,india_world_port_index.csv,MAPPED,source_identity_preserved,wpi_row_0047,48960.0,UNIQUE_IN_SOURCE
port-caaa368314c15ca3dc54,Karwar,Karwar,Karwar,IN KRW,14.816667,74.116667,India,Unknown,Unknown,india_daily_port_activity_2019_2024.csv;india_world_port_index.csv,MAPPED,source_identity_preserved,wpi_row_0030,48990.0,UNIQUE_IN_SOURCE
port-cf886631046b9485fcf9,Mundra,Mundra,Mundra,IN MUN,22.72833333,69.70666667,India,Yes,Yes,india_daily_port_activity_2019_2024.csv;india_world_port_index.csv,MAPPED,source_identity_preserved,wpi_row_0006,48617.0,UNIQUE_IN_SOURCE
port-d092b54ab9322124321d,Porbandar,Porbandar,Porbandar,IN PBD,21.633333,69.6,India,Unknown,Unknown,india_world_port_index.csv,MAPPED,source_identity_preserved,wpi_row_0012,48680.0,UNIQUE_IN_SOURCE
port-d4e0f4edd9cba2867c8c,Okha,Okha,Okha,IN OKH,22.46805556,69.07972222,India,Unknown,Unknown,india_world_port_index.csv,MAPPED,source_identity_preserved,wpi_row_0007,48670.0,UNIQUE_IN_SOURCE
port-d5a9bed6cf51834a6032,Jaigarh Bay,Jaigarh Bay,Jaigarh Bay,INJGD,17.3,73.21666667,India,Unknown,Unknown,india_world_port_index.csv,MAPPED,source_identity_preserved,wpi_row_0020,48895.0,UNIQUE_IN_SOURCE
port-d6ac74b82e6cc679b0ef,Jaigad Port,Jaigad Port,Jaigad Port,,,,India,,,india_daily_port_activity_2019_2024.csv,MANUAL_REVIEW,unresolved_port_alias,port511,,MISSING
port-d8b7a2d1702c49b877b0,Kakinada Bay,Kakinada Bay,Kakinada Bay,IN KAK,17.0,82.316667,India,Unknown,Unknown,india_world_port_index.csv,MAPPED,source_identity_preserved,wpi_row_0024,49470.0,UNIQUE_IN_SOURCE
port-dae39d3ff7f4909b3631,Machilipatnam,Machilipatnam,Machilipatnam,,16.15,81.166667,India,Unknown,Unknown,india_world_port_index.csv,MANUAL_REVIEW,duplicate_source_identifier_preserved,wpi_row_0002,49460.0,MISSING
port-e223d4da714bf54f8a68,Dhamra,Dhamra,Dhamra;Dhamra Port,INDMQ,20.81666667,86.96666667,India,Unknown,Unknown,india_daily_port_activity_2019_2024.csv;india_world_port_index.csv,MAPPED,source_identity_preserved,wpi_row_0022,49540.0,UNIQUE_IN_SOURCE
port-eb16595338545cf9cccb,Jafarabad,Jafarabad,Jafarabad,INJBD,20.86666667,71.38333333,India,Unknown,Unknown,india_world_port_index.csv,MAPPED,source_identity_preserved,wpi_row_0021,48720.0,UNIQUE_IN_SOURCE
port-f7a9c9c9e2024b0f8338,Navlakhi,Navlakhi,Navlakhi,IN NAV,22.95638889,70.44758333,India,Unknown,Unknown,india_daily_port_activity_2019_2024.csv;india_world_port_index.csv,MAPPED,source_identity_preserved,wpi_row_0013,48635.0,UNIQUE_IN_SOURCE
port-faee4b72dfaea88f350c,New Mangalore,New Mangalore,New Mangalore,IN NML,12.916667,74.816667,India,Unknown,Unknown,india_daily_port_activity_2019_2024.csv;india_world_port_index.csv,MAPPED,source_identity_preserved,wpi_row_0014,49030.0,UNIQUE_IN_SOURCE
port-fba259f9afed278d0baa,Machilipatnam,Machilipatnam,Machilipatnam,,16.15,81.15,India,Unknown,Unknown,india_world_port_index.csv,MANUAL_REVIEW,duplicate_source_identifier_preserved,wpi_row_0051,49460.0,MISSING
